<?xml version="1.0" encoding="UTF-8"?>
<project-private xmlns="http://www.netbeans.org/ns/project-private/1">
    <editor-bookmarks xmlns="http://www.netbeans.org/ns/editor-bookmarks/2" lastBookmarkId="0"/>
    <open-files xmlns="http://www.netbeans.org/ns/projectui-open-files/2">
        <group>
            <file>file:/Users/marcoscavalcante/Documents/UFSCar/7%20Semestre/Compiladores/Trabalho%20-%20%20Fase%201/TrabalhoCompFase1/src/AST/Body.java</file>
            <file>file:/Users/marcoscavalcante/Documents/UFSCar/7%20Semestre/Compiladores/Trabalho%20-%20%20Fase%201/TrabalhoCompFase1/src/Main.java</file>
            <file>file:/Users/marcoscavalcante/Documents/UFSCar/7%20Semestre/Compiladores/Trabalho%20-%20%20Fase%201/TrabalhoCompFase1/src/AST/Prog.java</file>
            <file>file:/Users/marcoscavalcante/Documents/UFSCar/7%20Semestre/Compiladores/Trabalho%20-%20%20Fase%201/TrabalhoCompFase1/src/AST/Dcl.java</file>
            <file>file:/Users/marcoscavalcante/Documents/UFSCar/7%20Semestre/Compiladores/Trabalho%20-%20%20Fase%201/TrabalhoCompFase1/src/AST/Stmt.java</file>
            <file>file:/Users/marcoscavalcante/Documents/UFSCar/7%20Semestre/Compiladores/Trabalho%20-%20%20Fase%201/TrabalhoCompFase1/src/Compiler.java</file>
        </group>
    </open-files>
</project-private>
